Level I,Level II,Level III,Level IV,Level V
Level 1,Level 2,Level 3,Level 4,Level 5
1st Year,2nd Year,3rd Year,4th Year,5th Year
1 st Year,2 nd Year,3 rd Year,4 th Year,5 th Year
Year I,Year II,Year III,Year IV,Year V
Year 1,Year 2,Year 3,Year 4,Year 5
Summer,Autumn,Winter
Term I,Term II,Term III
Term 1,Term 2,Term 3
1st Term,2nd Term,3rd Term
1 st Term,2 nd Term,3 rd Term
1st Semister,2nd Semister,3rd Semister
1 st Semister,2 nd Semister,3 rd Semister
Semister 1,Semister 2,Semister 3
Semister I,Semister II,Semister III